{"weights": [-0.03173013412541158, -0.24768664677317218, 0.0014769867919981956, -0.41479815305601053, 0.3959198204609317, 0.39591982045755103, -0.038820420593904434, -0.06389944504745874, 0.003992529920148956], "X_mean": [-0.00762929267726656, -0.020712002540553717, -0.07845205299372744, 49.304734798092404, -0.04624994538061187, -0.04624994538061187, 0.6515779771422391, 1.060787504809848, 0.14285714285714285], "X_std": [0.4783388745119425, 0.9845033018053009, 1.6938204773978527, 17.38529204071695, 0.8435280861654574, 0.8435280861654574, 0.2568944201088405, 0.9678942536222614, 2.1911231028825657], "y_mean": 88856.59531250001, "y_std": 1913.7941650202115, "trained_at": "2025-12-26T22:57:10.095649"}