{"weights": [-0.0071973444391705, -0.18336575430881327, 0.07692474910342528, -0.247305959647723, 0.3010828626298942, 0.3010828626279467, 0.07012595552420721, -0.024030494375997254, -0.05342118578618409], "X_mean": [-0.009132282716281971, -0.026446527441454756, -0.13593684873161535, 49.796953823861415, -0.08157738285498814, -0.08157738285498814, 0.9386749723853555, 1.05901988213068, 0.125], "X_std": [0.6824277051598132, 1.5018160408678738, 2.945467663042836, 17.168208033122188, 1.382945871778535, 1.382945871778535, 0.36284589308819654, 0.9836907033613942, 2.224558553685851], "y_mean": 3036.5454464285713, "y_std": 131.66005774384453, "trained_at": "2025-12-26T22:57:13.256869"}