{"weights": [-0.02666173114688254, -0.04388110847984488, -0.08848422873021068, -0.24847096559786844, 0.3146322092218879, 0.3146322092215429, -0.03333984966761788, -0.03681893617483707, -0.2777256529041772], "X_mean": [-0.012506545884613002, -0.04608942900101164, -0.2980300509349246, 49.67633187195789, -0.13429046878471151, -0.13429046878471151, 0.8983399355828087, 1.0300148627705448, 0.0625], "X_std": [0.6318675363120714, 1.2934452481877758, 2.222795157047754, 15.7445215488692, 1.1127860299914603, 1.1127860299914603, 0.27554840550708987, 0.7309331373395215, 2.2747890504543955], "y_mean": 79.08997767857143, "y_std": 3.0738624955153973, "trained_at": "2025-12-26T22:57:18.885386"}