{"weights": [-0.02459888547456558, -0.2685494081051216, -0.013224555354636822, -0.2221525357679362, 0.30710461359728725, 0.30710461359568897, 0.18184164776035494, -0.0652946878478891, 0.10999269879408494], "X_mean": [-0.01528396134447684, -0.0530887275135082, -0.36182284587148883, 48.417811641646374, -0.168096183372971, -0.168096183372971, 1.0588463879535037, 1.0551915939096468, 0.20982142857142858], "X_std": [0.7705228245858552, 1.6614081521192245, 2.8250855884267456, 16.00163836421325, 1.3817449609396333, 1.3817449609396333, 0.3913918918685568, 0.8355725870119626, 2.230208993698475], "y_mean": 128.42660714285714, "y_std": 5.4113034580037755, "trained_at": "2025-12-26T22:57:16.015464"}